epoch,time,train/box_loss,train/cls_loss,train/dfl_loss,metrics/precision(B),metrics/recall(B),metrics/mAP50(B),metrics/mAP50-95(B),val/box_loss,val/cls_loss,val/dfl_loss,lr/pg0,lr/pg1,lr/pg2
1,17.2564,2.28643,3.81965,1.58436,0.46867,0.35955,0.34571,0.12546,2.12233,2.22027,1.56826,0.000369376,0.000369376,0.000369376
2,34.2921,2.10649,2.474,1.4882,0.60334,0.4097,0.41907,0.16537,2.01265,2.03071,1.58206,0.000732387,0.000732387,0.000732387
