epoch,time,train/box_loss,train/cls_loss,train/dfl_loss,metrics/precision(B),metrics/recall(B),metrics/mAP50(B),metrics/mAP50-95(B),val/box_loss,val/cls_loss,val/dfl_loss,lr/pg0,lr/pg1,lr/pg2
1,17.1263,1.3633,2.96638,1.44477,0.68927,0.6307,0.68165,0.46017,1.0398,1.29067,1.19434,0.000195542,0.000195542,0.000195542
2,33.7049,1.32816,1.80286,1.41463,0.72836,0.70095,0.75444,0.44829,1.33604,1.17779,1.34402,0.00038379,0.00038379,0.00038379
3,49.5823,1.31795,1.59579,1.38685,0.72217,0.72597,0.76992,0.50557,1.04645,1.00829,1.18628,0.000564275,0.000564275,0.000564275
4,65.2507,1.31272,1.43132,1.37106,0.76921,0.75711,0.81227,0.52772,1.01896,0.89348,1.14231,0.000553073,0.000553073,0.000553073
5,80.7985,1.25865,1.31698,1.3397,0.79759,0.7759,0.83101,0.55826,0.97174,0.85454,1.14921,0.00054143,0.00054143,0.00054143
6,96.3276,1.24233,1.2145,1.32464,0.77914,0.82923,0.8482,0.58216,0.95888,0.74921,1.11217,0.000529788,0.000529788,0.000529788
7,111.829,1.21291,1.13873,1.30928,0.8153,0.80981,0.86493,0.59323,0.91007,0.69337,1.09309,0.000518146,0.000518146,0.000518146
8,127.251,1.19696,1.08648,1.29249,0.82364,0.81148,0.86942,0.59843,0.9385,0.70665,1.09523,0.000506503,0.000506503,0.000506503
